date,time,area,vehicle_count,cars,bikes,buses,autos,trucks
2026-07-14,08:30 AM,Gandhipuram,928,265,493,56,93,21
2026-07-14,02:00 PM,Gandhipuram,433,91,204,33,50,55
2026-07-14,06:30 PM,Gandhipuram,896,242,449,70,105,30
2026-07-14,08:30 AM,RS Puram,653,163,310,33,75,72
2026-07-14,02:00 PM,RS Puram,214,53,109,10,21,21
2026-07-14,06:30 PM,RS Puram,643,137,304,51,80,71
2026-07-14,08:30 AM,Saravanampatti,785,216,406,54,87,22
2026-07-14,02:00 PM,Saravanampatti,381,100,195,16,48,22
2026-07-14,06:30 PM,Saravanampatti,945,206,455,60,96,128
2026-07-14,08:30 AM,Peelamedu,601,150,271,39,66,75
2026-07-14,02:00 PM,Peelamedu,230,54,119,10,33,14
2026-07-14,06:30 PM,Peelamedu,541,158,249,27,77,30
2026-07-14,08:30 AM,Town Hall,997,254,530,49,126,38
2026-07-14,02:00 PM,Town Hall,371,106,198,19,48,0
2026-07-14,06:30 PM,Town Hall,927,261,472,64,130,0
2026-07-14,08:30 AM,Ukkadam,992,214,454,63,143,118
2026-07-14,02:00 PM,Ukkadam,351,93,161,16,35,46
2026-07-14,06:30 PM,Ukkadam,964,255,500,66,107,36
2026-07-14,08:30 AM,Singanallur,522,143,251,38,69,21
2026-07-14,02:00 PM,Singanallur,288,60,145,14,34,35
2026-07-14,06:30 PM,Singanallur,523,125,286,34,75,3
2026-07-14,08:30 AM,Saibaba Colony,623,160,311,29,77,46
2026-07-14,02:00 PM,Saibaba Colony,296,59,141,13,39,44
2026-07-14,06:30 PM,Saibaba Colony,649,189,353,26,76,5
2026-07-14,08:30 AM,Ramanathapuram,651,191,318,47,95,0
2026-07-14,02:00 PM,Ramanathapuram,245,69,119,11,28,18
2026-07-14,06:30 PM,Ramanathapuram,580,156,315,25,74,10
2026-07-14,08:30 AM,Hopes College,590,126,323,44,74,23
2026-07-14,02:00 PM,Hopes College,298,80,154,15,35,14
2026-07-14,06:30 PM,Hopes College,638,179,331,37,91,0
2026-07-15,08:30 AM,Gandhipuram,950,251,503,68,128,0
2026-07-15,02:00 PM,Gandhipuram,528,125,255,33,55,60
2026-07-15,06:30 PM,Gandhipuram,810,205,402,51,92,60
2026-07-15,08:30 AM,RS Puram,485,136,220,21,57,51
2026-07-15,02:00 PM,RS Puram,272,60,143,11,35,23
2026-07-15,06:30 PM,RS Puram,489,124,246,33,64,22
2026-07-15,08:30 AM,Saravanampatti,983,228,493,49,137,76
2026-07-15,02:00 PM,Saravanampatti,394,79,180,28,58,49
2026-07-15,06:30 PM,Saravanampatti,907,197,445,45,97,123
2026-07-15,08:30 AM,Peelamedu,578,153,301,45,65,14
2026-07-15,02:00 PM,Peelamedu,298,77,150,14,36,21
2026-07-15,06:30 PM,Peelamedu,544,109,286,22,57,70
2026-07-15,08:30 AM,Town Hall,812,219,434,35,100,24
2026-07-15,02:00 PM,Town Hall,448,97,222,25,54,50
2026-07-15,06:30 PM,Town Hall,984,201,505,63,116,99
2026-07-15,08:30 AM,Ukkadam,950,252,508,40,102,48
2026-07-15,02:00 PM,Ukkadam,478,123,216,30,70,39
2026-07-15,06:30 PM,Ukkadam,916,225,471,71,116,33
2026-07-15,08:30 AM,Singanallur,549,159,299,23,60,8
2026-07-15,02:00 PM,Singanallur,222,46,100,9,29,38
2026-07-15,06:30 PM,Singanallur,537,108,287,27,75,40
2026-07-15,08:30 AM,Saibaba Colony,501,131,260,34,72,4
2026-07-15,02:00 PM,Saibaba Colony,306,66,146,22,42,30
2026-07-15,06:30 PM,Saibaba Colony,658,156,323,35,91,53
2026-07-15,08:30 AM,Ramanathapuram,647,157,346,45,88,11
2026-07-15,02:00 PM,Ramanathapuram,222,55,119,11,31,6
2026-07-15,06:30 PM,Ramanathapuram,641,128,313,27,93,80
2026-07-15,08:30 AM,Hopes College,554,158,292,35,69,0
2026-07-15,02:00 PM,Hopes College,263,61,126,18,35,23
2026-07-15,06:30 PM,Hopes College,622,130,329,26,77,60
2026-07-16,08:30 AM,Gandhipuram,964,278,476,43,113,54
2026-07-16,02:00 PM,Gandhipuram,378,98,198,16,39,27
2026-07-16,06:30 PM,Gandhipuram,1010,285,461,43,136,85
2026-07-16,08:30 AM,RS Puram,495,117,271,35,58,14
2026-07-16,02:00 PM,RS Puram,323,88,177,13,38,7
2026-07-16,06:30 PM,RS Puram,619,150,313,27,89,40
2026-07-16,08:30 AM,Saravanampatti,853,210,384,38,87,134
2026-07-16,02:00 PM,Saravanampatti,336,92,173,26,43,2
2026-07-16,06:30 PM,Saravanampatti,821,235,392,64,91,39
2026-07-16,08:30 AM,Peelamedu,482,98,263,29,69,23
2026-07-16,02:00 PM,Peelamedu,329,84,150,20,48,27
2026-07-16,06:30 PM,Peelamedu,593,145,308,37,77,26
2026-07-16,08:30 AM,Town Hall,1070,244,486,80,157,103
2026-07-16,02:00 PM,Town Hall,441,100,225,25,48,43
2026-07-16,06:30 PM,Town Hall,906,188,460,71,134,53
2026-07-16,08:30 AM,Ukkadam,1009,233,508,67,141,60
2026-07-16,02:00 PM,Ukkadam,395,107,206,26,56,0
2026-07-16,06:30 PM,Ukkadam,984,288,483,41,141,31
2026-07-16,08:30 AM,Singanallur,484,136,236,22,72,18
2026-07-16,02:00 PM,Singanallur,281,83,137,20,39,2
2026-07-16,06:30 PM,Singanallur,564,128,277,42,57,60
2026-07-16,08:30 AM,Saibaba Colony,654,187,344,44,79,0
2026-07-16,02:00 PM,Saibaba Colony,323,72,172,14,39,26
2026-07-16,06:30 PM,Saibaba Colony,651,145,332,42,86,46
2026-07-16,08:30 AM,Ramanathapuram,544,145,250,38,68,43
2026-07-16,02:00 PM,Ramanathapuram,272,69,145,20,34,4
2026-07-16,06:30 PM,Ramanathapuram,552,111,255,35,76,75
2026-07-16,08:30 AM,Hopes College,606,129,285,32,61,99
2026-07-16,02:00 PM,Hopes College,280,68,136,15,40,21
2026-07-16,06:30 PM,Hopes College,572,137,302,42,74,17
2026-07-17,08:30 AM,Gandhipuram,1084,317,503,54,135,75
2026-07-17,02:00 PM,Gandhipuram,441,109,241,28,51,12
2026-07-17,06:30 PM,Gandhipuram,872,185,399,40,92,156
2026-07-17,08:30 AM,RS Puram,504,109,259,38,59,39
2026-07-17,02:00 PM,RS Puram,266,57,137,11,29,32
2026-07-17,06:30 PM,RS Puram,510,111,243,22,53,81
2026-07-17,08:30 AM,Saravanampatti,844,199,397,57,105,86
2026-07-17,02:00 PM,Saravanampatti,322,84,170,24,33,11
2026-07-17,06:30 PM,Saravanampatti,968,220,441,67,135,105
2026-07-17,08:30 AM,Peelamedu,513,121,241,33,63,55
2026-07-17,02:00 PM,Peelamedu,254,69,126,12,25,22
2026-07-17,06:30 PM,Peelamedu,608,152,328,26,76,26
2026-07-17,08:30 AM,Town Hall,934,209,470,51,105,99
2026-07-17,02:00 PM,Town Hall,354,78,170,15,41,50
2026-07-17,06:30 PM,Town Hall,1067,285,543,63,148,28
2026-07-17,08:30 AM,Ukkadam,826,213,416,47,113,37
2026-07-17,02:00 PM,Ukkadam,375,88,179,23,49,36
2026-07-17,06:30 PM,Ukkadam,906,236,497,39,101,33
2026-07-17,08:30 AM,Singanallur,507,109,240,26,55,77
2026-07-17,02:00 PM,Singanallur,230,47,124,12,29,18
2026-07-17,06:30 PM,Singanallur,656,157,302,48,97,52
2026-07-17,08:30 AM,Saibaba Colony,627,136,298,48,83,62
2026-07-17,02:00 PM,Saibaba Colony,276,62,139,13,38,24
2026-07-17,06:30 PM,Saibaba Colony,538,134,264,23,60,57
2026-07-17,08:30 AM,Ramanathapuram,589,152,282,34,63,58
2026-07-17,02:00 PM,Ramanathapuram,273,63,124,11,29,46
2026-07-17,06:30 PM,Ramanathapuram,658,184,317,44,74,39
2026-07-17,08:30 AM,Hopes College,616,152,313,33,74,44
2026-07-17,02:00 PM,Hopes College,322,95,171,22,34,0
2026-07-17,06:30 PM,Hopes College,648,133,303,40,88,84
2026-07-18,08:30 AM,Gandhipuram,1368,382,634,63,150,139
2026-07-18,02:00 PM,Gandhipuram,497,132,264,27,62,12
2026-07-18,06:30 PM,Gandhipuram,1382,389,676,76,168,73
2026-07-18,08:30 AM,RS Puram,450,123,216,22,56,33
2026-07-18,02:00 PM,RS Puram,254,64,124,16,36,14
2026-07-18,06:30 PM,RS Puram,400,105,217,18,46,14
2026-07-18,08:30 AM,Saravanampatti,373,94,190,26,53,10
2026-07-18,02:00 PM,Saravanampatti,136,30,65,5,18,18
2026-07-18,06:30 PM,Saravanampatti,349,100,183,25,40,1
2026-07-18,08:30 AM,Peelamedu,399,84,213,28,47,27
2026-07-18,02:00 PM,Peelamedu,182,49,86,11,24,12
2026-07-18,06:30 PM,Peelamedu,483,108,243,22,56,54
2026-07-18,08:30 AM,Town Hall,1394,334,708,108,171,73
2026-07-18,02:00 PM,Town Hall,494,123,251,20,64,36
2026-07-18,06:30 PM,Town Hall,1394,353,749,106,186,0
2026-07-18,08:30 AM,Ukkadam,809,208,376,46,105,74
2026-07-18,02:00 PM,Ukkadam,397,116,215,17,48,1
2026-07-18,06:30 PM,Ukkadam,876,186,467,65,127,31
2026-07-18,08:30 AM,Singanallur,458,109,233,24,47,45
2026-07-18,02:00 PM,Singanallur,245,57,110,15,29,34
2026-07-18,06:30 PM,Singanallur,516,121,250,29,70,46
2026-07-18,08:30 AM,Saibaba Colony,416,89,206,24,45,52
2026-07-18,02:00 PM,Saibaba Colony,208,49,112,13,26,8
2026-07-18,06:30 PM,Saibaba Colony,385,83,198,17,57,30
2026-07-18,08:30 AM,Ramanathapuram,443,132,203,28,55,25
2026-07-18,02:00 PM,Ramanathapuram,174,38,91,8,25,12
2026-07-18,06:30 PM,Ramanathapuram,411,101,186,17,52,55
2026-07-18,08:30 AM,Hopes College,495,124,245,27,60,39
2026-07-18,02:00 PM,Hopes College,221,48,102,17,31,23
2026-07-18,06:30 PM,Hopes College,437,115,208,17,52,45
2026-07-19,08:30 AM,Gandhipuram,1100,292,573,53,111,71
2026-07-19,02:00 PM,Gandhipuram,515,104,266,37,54,54
2026-07-19,06:30 PM,Gandhipuram,1109,248,571,55,116,119
2026-07-19,08:30 AM,RS Puram,489,138,261,32,58,0
2026-07-19,02:00 PM,RS Puram,187,54,89,8,18,18
2026-07-19,06:30 PM,RS Puram,413,90,186,23,53,61
2026-07-19,08:30 AM,Saravanampatti,384,89,204,21,43,27
2026-07-19,02:00 PM,Saravanampatti,168,44,80,10,20,14
2026-07-19,06:30 PM,Saravanampatti,335,98,160,15,46,16
2026-07-19,08:30 AM,Peelamedu,509,147,253,29,71,9
2026-07-19,02:00 PM,Peelamedu,170,43,81,8,22,16
2026-07-19,06:30 PM,Peelamedu,404,120,215,18,51,0
2026-07-19,08:30 AM,Town Hall,1146,333,517,72,121,103
2026-07-19,02:00 PM,Town Hall,526,139,265,25,74,23
2026-07-19,06:30 PM,Town Hall,1044,302,484,66,150,42
2026-07-19,08:30 AM,Ukkadam,784,170,404,44,114,52
2026-07-19,02:00 PM,Ukkadam,341,69,171,23,36,42
2026-07-19,06:30 PM,Ukkadam,659,147,336,33,78,65
2026-07-19,08:30 AM,Singanallur,435,99,227,25,55,29
2026-07-19,02:00 PM,Singanallur,231,63,125,9,25,9
2026-07-19,06:30 PM,Singanallur,421,86,214,26,52,43
2026-07-19,08:30 AM,Saibaba Colony,432,91,227,29,44,41
2026-07-19,02:00 PM,Saibaba Colony,215,52,111,15,24,13
2026-07-19,06:30 PM,Saibaba Colony,499,113,259,27,64,36
2026-07-19,08:30 AM,Ramanathapuram,397,84,215,22,58,18
2026-07-19,02:00 PM,Ramanathapuram,185,53,93,13,25,1
2026-07-19,06:30 PM,Ramanathapuram,478,136,248,28,53,13
2026-07-19,08:30 AM,Hopes College,419,122,227,28,42,0
2026-07-19,02:00 PM,Hopes College,256,65,119,10,37,25
2026-07-19,06:30 PM,Hopes College,484,141,232,37,71,3
2026-07-20,08:30 AM,Gandhipuram,949,267,505,68,109,0
2026-07-20,02:00 PM,Gandhipuram,357,79,181,15,37,45
2026-07-20,06:30 PM,Gandhipuram,1008,274,487,53,104,90
2026-07-20,08:30 AM,RS Puram,577,133,305,43,75,21
2026-07-20,02:00 PM,RS Puram,283,57,133,11,40,42
2026-07-20,06:30 PM,RS Puram,646,187,320,50,89,0
2026-07-20,08:30 AM,Saravanampatti,814,195,428,52,100,39
2026-07-20,02:00 PM,Saravanampatti,472,130,258,26,57,1
2026-07-20,06:30 PM,Saravanampatti,919,193,435,47,108,136
2026-07-20,08:30 AM,Peelamedu,533,108,252,42,53,78
2026-07-20,02:00 PM,Peelamedu,261,69,127,20,28,17
2026-07-20,06:30 PM,Peelamedu,621,150,285,48,89,49
2026-07-20,08:30 AM,Town Hall,940,203,480,46,140,71
2026-07-20,02:00 PM,Town Hall,538,140,277,26,67,28
2026-07-20,06:30 PM,Town Hall,852,186,402,46,118,100
2026-07-20,08:30 AM,Ukkadam,865,235,446,65,119,0
2026-07-20,02:00 PM,Ukkadam,384,105,188,17,51,23
2026-07-20,06:30 PM,Ukkadam,1044,232,493,66,132,121
2026-07-20,08:30 AM,Singanallur,584,168,268,26,66,56
2026-07-20,02:00 PM,Singanallur,326,90,172,20,44,0
2026-07-20,06:30 PM,Singanallur,579,139,265,29,68,78
2026-07-20,08:30 AM,Saibaba Colony,610,126,304,41,67,72
2026-07-20,02:00 PM,Saibaba Colony,219,54,117,13,27,8
2026-07-20,06:30 PM,Saibaba Colony,628,168,304,31,80,45
2026-07-20,08:30 AM,Ramanathapuram,643,169,337,47,90,0
2026-07-20,02:00 PM,Ramanathapuram,295,79,157,19,39,1
2026-07-20,06:30 PM,Ramanathapuram,615,177,286,25,88,39
2026-07-20,08:30 AM,Hopes College,628,146,290,29,86,77
2026-07-20,02:00 PM,Hopes College,308,77,164,15,30,22
2026-07-20,06:30 PM,Hopes College,591,155,323,38,66,9
2026-07-21,08:30 AM,Gandhipuram,961,202,507,59,132,61
2026-07-21,02:00 PM,Gandhipuram,542,142,262,23,79,36
2026-07-21,06:30 PM,Gandhipuram,1081,223,560,73,124,101
2026-07-21,08:30 AM,RS Puram,492,115,250,20,64,43
2026-07-21,02:00 PM,RS Puram,321,93,171,14,43,0
2026-07-21,06:30 PM,RS Puram,616,124,278,36,71,107
2026-07-21,08:30 AM,Saravanampatti,928,226,481,74,105,42
2026-07-21,02:00 PM,Saravanampatti,391,84,193,26,54,34
2026-07-21,06:30 PM,Saravanampatti,779,208,356,39,103,73
2026-07-21,08:30 AM,Peelamedu,651,158,302,36,95,60
2026-07-21,02:00 PM,Peelamedu,286,65,140,16,42,23
2026-07-21,06:30 PM,Peelamedu,640,141,302,42,64,91
2026-07-21,08:30 AM,Town Hall,910,225,488,43,135,19
2026-07-21,02:00 PM,Town Hall,529,144,275,36,74,0
2026-07-21,06:30 PM,Town Hall,987,200,457,63,144,123
2026-07-21,08:30 AM,Ukkadam,1038,219,517,69,110,123
2026-07-21,02:00 PM,Ukkadam,436,108,204,27,44,53
2026-07-21,06:30 PM,Ukkadam,880,203,466,35,108,68
2026-07-21,08:30 AM,Singanallur,493,122,241,25,64,41
2026-07-21,02:00 PM,Singanallur,293,81,157,17,29,9
2026-07-21,06:30 PM,Singanallur,498,148,236,29,53,32
2026-07-21,08:30 AM,Saibaba Colony,591,151,307,31,59,43
2026-07-21,02:00 PM,Saibaba Colony,272,63,124,11,27,47
2026-07-21,06:30 PM,Saibaba Colony,551,141,255,39,74,42
2026-07-21,08:30 AM,Ramanathapuram,516,108,240,35,68,65
2026-07-21,02:00 PM,Ramanathapuram,213,43,115,14,27,14
2026-07-21,06:30 PM,Ramanathapuram,636,178,331,46,74,7
2026-07-21,08:30 AM,Hopes College,494,125,266,28,69,6
2026-07-21,02:00 PM,Hopes College,287,78,144,12,29,24
2026-07-21,06:30 PM,Hopes College,524,150,244,41,58,31
2026-07-22,08:30 AM,Gandhipuram,901,251,421,53,119,57
2026-07-22,02:00 PM,Gandhipuram,461,102,240,36,69,14
2026-07-22,06:30 PM,Gandhipuram,995,266,467,41,103,118
2026-07-22,08:30 AM,RS Puram,526,150,261,36,71,8
2026-07-22,02:00 PM,RS Puram,261,61,126,10,38,26
2026-07-22,06:30 PM,RS Puram,636,155,323,37,86,35
2026-07-22,08:30 AM,Saravanampatti,955,231,515,60,108,41
2026-07-22,02:00 PM,Saravanampatti,479,125,225,33,63,33
2026-07-22,06:30 PM,Saravanampatti,755,219,393,37,82,24
2026-07-22,08:30 AM,Peelamedu,654,186,306,32,81,49
2026-07-22,02:00 PM,Peelamedu,314,78,155,20,37,24
2026-07-22,06:30 PM,Peelamedu,509,151,248,33,57,20
2026-07-22,08:30 AM,Town Hall,897,191,473,52,133,48
2026-07-22,02:00 PM,Town Hall,397,86,181,21,50,59
2026-07-22,06:30 PM,Town Hall,1048,235,516,71,137,89
2026-07-22,08:30 AM,Ukkadam,850,173,396,56,116,109
2026-07-22,02:00 PM,Ukkadam,451,124,237,33,57,0
2026-07-22,06:30 PM,Ukkadam,861,195,397,52,88,129
2026-07-22,08:30 AM,Singanallur,648,137,294,50,79,88
2026-07-22,02:00 PM,Singanallur,247,50,123,19,26,29
2026-07-22,06:30 PM,Singanallur,653,192,294,48,86,33
2026-07-22,08:30 AM,Saibaba Colony,561,139,281,25,74,42
2026-07-22,02:00 PM,Saibaba Colony,213,57,102,14,23,17
2026-07-22,06:30 PM,Saibaba Colony,654,174,300,48,79,53
2026-07-22,08:30 AM,Ramanathapuram,519,145,265,34,75,0
2026-07-22,02:00 PM,Ramanathapuram,269,77,137,11,34,10
2026-07-22,06:30 PM,Ramanathapuram,647,173,335,42,71,26
2026-07-22,08:30 AM,Hopes College,550,115,283,43,73,36
2026-07-22,02:00 PM,Hopes College,215,51,117,15,30,2
2026-07-22,06:30 PM,Hopes College,582,167,304,30,69,12
2026-07-23,08:30 AM,Gandhipuram,1002,276,530,57,139,0
2026-07-23,02:00 PM,Gandhipuram,513,130,237,27,51,68
2026-07-23,06:30 PM,Gandhipuram,909,245,445,52,108,59
2026-07-23,08:30 AM,RS Puram,522,116,254,33,54,65
2026-07-23,02:00 PM,RS Puram,290,71,148,21,34,16
2026-07-23,06:30 PM,RS Puram,573,116,285,31,67,74
2026-07-23,08:30 AM,Saravanampatti,827,209,420,58,107,33
2026-07-23,02:00 PM,Saravanampatti,461,136,240,22,46,17
2026-07-23,06:30 PM,Saravanampatti,722,209,371,55,80,7
2026-07-23,08:30 AM,Peelamedu,490,115,266,29,51,29
2026-07-23,02:00 PM,Peelamedu,240,55,114,14,33,24
2026-07-23,06:30 PM,Peelamedu,536,145,273,30,60,28
2026-07-23,08:30 AM,Town Hall,836,224,391,51,91,79
2026-07-23,02:00 PM,Town Hall,491,126,226,38,55,46
2026-07-23,06:30 PM,Town Hall,945,240,501,61,96,47
2026-07-23,08:30 AM,Ukkadam,1085,305,553,53,156,18
2026-07-23,02:00 PM,Ukkadam,392,94,200,29,55,14
2026-07-23,06:30 PM,Ukkadam,906,251,429,66,103,57
2026-07-23,08:30 AM,Singanallur,556,116,287,32,72,49
2026-07-23,02:00 PM,Singanallur,280,76,130,13,40,21
2026-07-23,06:30 PM,Singanallur,497,131,224,30,64,48
2026-07-23,08:30 AM,Saibaba Colony,521,135,254,41,65,26
2026-07-23,02:00 PM,Saibaba Colony,226,54,117,15,27,13
2026-07-23,06:30 PM,Saibaba Colony,604,128,331,41,63,41
2026-07-23,08:30 AM,Ramanathapuram,584,121,278,44,60,81
2026-07-23,02:00 PM,Ramanathapuram,233,51,112,9,27,34
2026-07-23,06:30 PM,Ramanathapuram,573,160,261,35,63,54
2026-07-23,08:30 AM,Hopes College,638,161,328,34,74,41
2026-07-23,02:00 PM,Hopes College,293,77,159,20,37,0
2026-07-23,06:30 PM,Hopes College,563,144,256,26,83,54
2026-07-24,08:30 AM,Gandhipuram,1007,255,473,58,105,116
2026-07-24,02:00 PM,Gandhipuram,501,133,242,38,70,18
2026-07-24,06:30 PM,Gandhipuram,870,187,426,67,130,60
2026-07-24,08:30 AM,RS Puram,577,145,308,25,75,24
2026-07-24,02:00 PM,RS Puram,300,84,138,20,41,17
2026-07-24,06:30 PM,RS Puram,486,109,233,21,57,66
2026-07-24,08:30 AM,Saravanampatti,972,224,491,56,116,85
2026-07-24,02:00 PM,Saravanampatti,423,123,212,33,52,3
2026-07-24,06:30 PM,Saravanampatti,949,278,446,68,100,57
2026-07-24,08:30 AM,Peelamedu,566,157,294,39,76,0
2026-07-24,02:00 PM,Peelamedu,246,59,112,16,26,33
2026-07-24,06:30 PM,Peelamedu,542,143,296,24,76,3
2026-07-24,08:30 AM,Town Hall,1058,263,573,74,137,11
2026-07-24,02:00 PM,Town Hall,384,92,192,21,41,38
2026-07-24,06:30 PM,Town Hall,820,175,371,50,121,103
2026-07-24,08:30 AM,Ukkadam,1089,251,537,62,136,103
2026-07-24,02:00 PM,Ukkadam,371,82,190,24,48,27
2026-07-24,06:30 PM,Ukkadam,845,234,385,35,103,88
2026-07-24,08:30 AM,Singanallur,659,177,300,32,98,52
2026-07-24,02:00 PM,Singanallur,227,52,104,15,23,33
2026-07-24,06:30 PM,Singanallur,492,147,245,31,69,0
2026-07-24,08:30 AM,Saibaba Colony,535,135,274,24,64,38
2026-07-24,02:00 PM,Saibaba Colony,316,69,156,17,37,37
2026-07-24,06:30 PM,Saibaba Colony,628,173,328,35,63,29
2026-07-24,08:30 AM,Ramanathapuram,566,127,255,25,78,81
2026-07-24,02:00 PM,Ramanathapuram,274,55,129,21,30,39
2026-07-24,06:30 PM,Ramanathapuram,624,155,340,38,65,26
2026-07-24,08:30 AM,Hopes College,561,117,299,25,69,51
2026-07-24,02:00 PM,Hopes College,248,61,129,13,29,16
2026-07-24,06:30 PM,Hopes College,582,162,297,40,83,0
2026-07-25,08:30 AM,Gandhipuram,1163,283,603,85,131,61
2026-07-25,02:00 PM,Gandhipuram,464,114,250,30,61,9
2026-07-25,06:30 PM,Gandhipuram,1389,363,713,84,143,86
2026-07-25,08:30 AM,RS Puram,405,101,212,16,54,22
2026-07-25,02:00 PM,RS Puram,176,36,91,7,18,24
2026-07-25,06:30 PM,RS Puram,521,122,272,28,59,40
2026-07-25,08:30 AM,Saravanampatti,371,81,191,16,40,43
2026-07-25,02:00 PM,Saravanampatti,173,39,91,7,17,19
2026-07-25,06:30 PM,Saravanampatti,392,108,187,21,51,25
2026-07-25,08:30 AM,Peelamedu,413,108,190,27,57,31
2026-07-25,02:00 PM,Peelamedu,218,64,99,11,30,14
2026-07-25,06:30 PM,Peelamedu,525,135,267,38,72,13
2026-07-25,08:30 AM,Town Hall,1296,303,599,63,189,142
2026-07-25,02:00 PM,Town Hall,551,134,271,42,71,33
2026-07-25,06:30 PM,Town Hall,1133,248,523,74,163,125
2026-07-25,08:30 AM,Ukkadam,732,202,376,54,100,0
2026-07-25,02:00 PM,Ukkadam,320,78,168,22,45,7
2026-07-25,06:30 PM,Ukkadam,826,179,425,65,105,52
2026-07-25,08:30 AM,Singanallur,518,112,235,35,55,81
2026-07-25,02:00 PM,Singanallur,246,61,115,17,34,19
2026-07-25,06:30 PM,Singanallur,462,115,235,28,53,31
2026-07-25,08:30 AM,Saibaba Colony,483,127,259,22,66,9
2026-07-25,02:00 PM,Saibaba Colony,212,47,95,16,28,26
2026-07-25,06:30 PM,Saibaba Colony,398,111,195,24,43,25
2026-07-25,08:30 AM,Ramanathapuram,489,106,250,34,57,42
2026-07-25,02:00 PM,Ramanathapuram,221,61,99,15,22,24
2026-07-25,06:30 PM,Ramanathapuram,413,97,225,18,48,25
2026-07-25,08:30 AM,Hopes College,432,128,230,24,50,0
2026-07-25,02:00 PM,Hopes College,237,61,127,13,28,8
2026-07-25,06:30 PM,Hopes College,484,126,217,34,57,50
2026-07-26,08:30 AM,Gandhipuram,1076,266,547,45,142,76
2026-07-26,02:00 PM,Gandhipuram,605,154,306,40,78,27
2026-07-26,06:30 PM,Gandhipuram,1353,382,645,58,169,99
2026-07-26,08:30 AM,RS Puram,392,109,189,28,53,13
2026-07-26,02:00 PM,RS Puram,217,46,107,12,25,27
2026-07-26,06:30 PM,RS Puram,396,102,186,31,54,23
2026-07-26,08:30 AM,Saravanampatti,388,93,199,27,51,18
2026-07-26,02:00 PM,Saravanampatti,134,38,65,8,15,8
2026-07-26,06:30 PM,Saravanampatti,351,82,164,14,40,51
2026-07-26,08:30 AM,Peelamedu,387,87,206,20,48,26
2026-07-26,02:00 PM,Peelamedu,258,62,122,19,37,18
2026-07-26,06:30 PM,Peelamedu,410,100,217,18,50,25
2026-07-26,08:30 AM,Town Hall,1071,267,559,74,130,41
2026-07-26,02:00 PM,Town Hall,654,170,304,45,69,66
2026-07-26,06:30 PM,Town Hall,1296,268,707,66,133,122
2026-07-26,08:30 AM,Ukkadam,702,204,333,35,78,52
2026-07-26,02:00 PM,Ukkadam,401,111,198,23,41,28
2026-07-26,06:30 PM,Ukkadam,648,188,295,39,69,57
2026-07-26,08:30 AM,Singanallur,443,128,214,29,44,28
2026-07-26,02:00 PM,Singanallur,260,76,131,14,26,13
2026-07-26,06:30 PM,Singanallur,421,125,220,27,47,2
2026-07-26,08:30 AM,Saibaba Colony,412,101,208,26,61,16
2026-07-26,02:00 PM,Saibaba Colony,201,43,92,10,22,34
2026-07-26,06:30 PM,Saibaba Colony,506,127,256,37,53,33
2026-07-26,08:30 AM,Ramanathapuram,488,132,222,21,62,51
2026-07-26,02:00 PM,Ramanathapuram,211,45,105,15,31,15
2026-07-26,06:30 PM,Ramanathapuram,480,115,238,29,63,35
2026-07-26,08:30 AM,Hopes College,392,110,196,16,48,22
2026-07-26,02:00 PM,Hopes College,243,54,114,12,26,37
2026-07-26,06:30 PM,Hopes College,492,108,246,36,70,32
2026-07-27,08:30 AM,Gandhipuram,1061,260,502,75,158,66
2026-07-27,02:00 PM,Gandhipuram,355,87,162,21,51,34
2026-07-27,06:30 PM,Gandhipuram,949,252,437,52,133,75
2026-07-27,08:30 AM,RS Puram,619,136,338,31,78,36
2026-07-27,02:00 PM,RS Puram,305,80,154,17,42,12
2026-07-27,06:30 PM,RS Puram,644,138,324,46,86,50
2026-07-27,08:30 AM,Saravanampatti,818,233,431,63,91,0
2026-07-27,02:00 PM,Saravanampatti,340,74,159,22,49,36
2026-07-27,06:30 PM,Saravanampatti,761,199,375,57,79,51
2026-07-27,08:30 AM,Peelamedu,624,185,312,49,75,3
2026-07-27,02:00 PM,Peelamedu,290,62,148,16,41,23
2026-07-27,06:30 PM,Peelamedu,509,130,229,35,64,51
2026-07-27,08:30 AM,Town Hall,1067,291,488,79,116,93
2026-07-27,02:00 PM,Town Hall,513,139,258,30,59,27
2026-07-27,06:30 PM,Town Hall,1046,246,518,76,130,76
2026-07-27,08:30 AM,Ukkadam,900,244,420,39,127,70
2026-07-27,02:00 PM,Ukkadam,397,93,184,27,48,45
2026-07-27,06:30 PM,Ukkadam,995,234,509,58,141,53
2026-07-27,08:30 AM,Singanallur,656,139,336,34,87,60
2026-07-27,02:00 PM,Singanallur,292,63,133,14,41,41
2026-07-27,06:30 PM,Singanallur,630,166,301,38,84,41
2026-07-27,08:30 AM,Saibaba Colony,534,108,251,35,61,79
2026-07-27,02:00 PM,Saibaba Colony,326,89,172,21,44,0
2026-07-27,06:30 PM,Saibaba Colony,526,140,284,23,67,12
2026-07-27,08:30 AM,Ramanathapuram,560,160,277,30,71,22
2026-07-27,02:00 PM,Ramanathapuram,327,79,150,22,33,43
2026-07-27,06:30 PM,Ramanathapuram,645,184,308,49,73,31
2026-07-27,08:30 AM,Hopes College,615,124,326,42,91,32
2026-07-27,02:00 PM,Hopes College,246,56,131,10,35,14
2026-07-27,06:30 PM,Hopes College,606,127,305,24,67,83
2026-07-28,08:30 AM,Gandhipuram,940,244,451,48,107,90
2026-07-28,02:00 PM,Gandhipuram,498,144,226,33,71,24
2026-07-28,06:30 PM,Gandhipuram,977,213,526,48,101,89
2026-07-28,08:30 AM,RS Puram,623,160,282,46,93,42
2026-07-28,02:00 PM,RS Puram,272,77,124,12,35,24
2026-07-28,06:30 PM,RS Puram,507,132,268,37,70,0
2026-07-28,08:30 AM,Saravanampatti,874,212,438,50,101,73
2026-07-28,02:00 PM,Saravanampatti,454,131,231,29,55,8
2026-07-28,06:30 PM,Saravanampatti,890,240,453,53,99,45
2026-07-28,08:30 AM,Peelamedu,498,123,243,38,66,28
2026-07-28,02:00 PM,Peelamedu,282,70,147,12,37,16
2026-07-28,06:30 PM,Peelamedu,525,129,255,23,53,65
2026-07-28,08:30 AM,Town Hall,883,205,483,42,109,44
2026-07-28,02:00 PM,Town Hall,472,104,225,18,59,66
2026-07-28,06:30 PM,Town Hall,802,163,378,42,84,135
2026-07-28,08:30 AM,Ukkadam,1040,261,527,80,119,53
2026-07-28,02:00 PM,Ukkadam,429,112,196,23,45,53
2026-07-28,06:30 PM,Ukkadam,952,237,511,75,128,1
2026-07-28,08:30 AM,Singanallur,503,120,240,28,60,55
2026-07-28,02:00 PM,Singanallur,318,82,165,23,36,12
2026-07-28,06:30 PM,Singanallur,651,130,346,27,85,63
2026-07-28,08:30 AM,Saibaba Colony,526,136,239,23,70,58
2026-07-28,02:00 PM,Saibaba Colony,256,60,126,14,27,29
2026-07-28,06:30 PM,Saibaba Colony,615,127,281,47,72,88
2026-07-28,08:30 AM,Ramanathapuram,600,141,310,24,77,48
2026-07-28,02:00 PM,Ramanathapuram,288,74,154,19,41,0
2026-07-28,06:30 PM,Ramanathapuram,501,103,270,22,63,43
2026-07-28,08:30 AM,Hopes College,482,110,237,30,59,46
2026-07-28,02:00 PM,Hopes College,215,55,99,14,25,22
2026-07-28,06:30 PM,Hopes College,597,160,319,39,72,7
2026-07-29,08:30 AM,Gandhipuram,882,245,423,63,107,44
2026-07-29,02:00 PM,Gandhipuram,514,149,275,27,62,1
2026-07-29,06:30 PM,Gandhipuram,974,253,474,65,131,51
2026-07-29,08:30 AM,RS Puram,547,132,255,41,58,61
2026-07-29,02:00 PM,RS Puram,251,50,116,16,33,36
2026-07-29,06:30 PM,RS Puram,541,130,247,36,62,66
2026-07-29,08:30 AM,Saravanampatti,883,195,429,51,131,77
2026-07-29,02:00 PM,Saravanampatti,438,108,203,26,44,57
2026-07-29,06:30 PM,Saravanampatti,980,199,478,54,99,150
2026-07-29,08:30 AM,Peelamedu,508,140,229,26,62,51
2026-07-29,02:00 PM,Peelamedu,318,93,146,24,36,19
2026-07-29,06:30 PM,Peelamedu,601,175,313,46,67,0
2026-07-29,08:30 AM,Town Hall,916,214,447,42,116,97
2026-07-29,02:00 PM,Town Hall,460,127,231,26,65,11
2026-07-29,06:30 PM,Town Hall,890,195,423,47,91,134
2026-07-29,08:30 AM,Ukkadam,881,225,481,55,103,17
2026-07-29,02:00 PM,Ukkadam,377,99,186,21,46,25
2026-07-29,06:30 PM,Ukkadam,1098,288,590,71,141,8
2026-07-29,08:30 AM,Singanallur,516,105,252,31,63,65
2026-07-29,02:00 PM,Singanallur,243,68,129,14,32,0
2026-07-29,06:30 PM,Singanallur,636,177,294,45,67,53
2026-07-29,08:30 AM,Saibaba Colony,529,155,284,30,56,4
2026-07-29,02:00 PM,Saibaba Colony,327,93,162,17,42,13
2026-07-29,06:30 PM,Saibaba Colony,531,146,249,32,63,41
2026-07-29,08:30 AM,Ramanathapuram,568,162,288,31,84,3
2026-07-29,02:00 PM,Ramanathapuram,309,79,162,14,45,9
2026-07-29,06:30 PM,Ramanathapuram,499,121,267,37,71,3
2026-07-29,08:30 AM,Hopes College,491,120,264,31,61,15
2026-07-29,02:00 PM,Hopes College,321,79,145,22,43,32
2026-07-29,06:30 PM,Hopes College,604,138,279,43,71,73
2026-07-30,08:30 AM,Gandhipuram,883,261,415,70,88,49
2026-07-30,02:00 PM,Gandhipuram,485,111,258,33,48,35
2026-07-30,06:30 PM,Gandhipuram,1050,224,550,74,144,58
2026-07-30,08:30 AM,RS Puram,598,170,314,26,78,10
2026-07-30,02:00 PM,RS Puram,268,64,122,11,32,39
2026-07-30,06:30 PM,RS Puram,542,152,249,23,79,39
2026-07-30,08:30 AM,Saravanampatti,977,224,490,58,101,104
2026-07-30,02:00 PM,Saravanampatti,458,93,238,25,47,55
2026-07-30,06:30 PM,Saravanampatti,799,182,378,61,111,67
2026-07-30,08:30 AM,Peelamedu,552,128,298,27,68,31
2026-07-30,02:00 PM,Peelamedu,286,74,156,18,33,5
2026-07-30,06:30 PM,Peelamedu,502,125,270,31,61,15
2026-07-30,08:30 AM,Town Hall,987,264,451,67,110,95
2026-07-30,02:00 PM,Town Hall,514,131,272,23,64,24
2026-07-30,06:30 PM,Town Hall,1032,257,492,46,117,120
2026-07-30,08:30 AM,Ukkadam,988,271,449,39,114,115
2026-07-30,02:00 PM,Ukkadam,452,102,205,19,61,65
2026-07-30,06:30 PM,Ukkadam,1051,236,473,55,144,143
2026-07-30,08:30 AM,Singanallur,498,113,242,26,70,47
2026-07-30,02:00 PM,Singanallur,304,73,163,16,44,8
2026-07-30,06:30 PM,Singanallur,653,175,299,36,81,62
2026-07-30,08:30 AM,Saibaba Colony,593,118,308,40,64,63
2026-07-30,02:00 PM,Saibaba Colony,297,79,157,19,42,0
2026-07-30,06:30 PM,Saibaba Colony,533,148,245,22,70,48
2026-07-30,08:30 AM,Ramanathapuram,544,136,296,31,66,15
2026-07-30,02:00 PM,Ramanathapuram,235,55,114,16,24,26
2026-07-30,06:30 PM,Ramanathapuram,554,157,294,36,61,6
2026-07-30,08:30 AM,Hopes College,565,125,303,36,75,26
2026-07-30,02:00 PM,Hopes College,245,64,113,12,33,23
2026-07-30,06:30 PM,Hopes College,596,161,291,45,65,34
2026-07-31,08:30 AM,Gandhipuram,886,182,431,53,93,127
2026-07-31,02:00 PM,Gandhipuram,403,81,215,21,47,39
2026-07-31,06:30 PM,Gandhipuram,805,194,372,45,100,94
2026-07-31,08:30 AM,RS Puram,575,115,292,45,70,53
2026-07-31,02:00 PM,RS Puram,272,62,140,19,37,14
2026-07-31,06:30 PM,RS Puram,573,121,313,40,57,42
2026-07-31,08:30 AM,Saravanampatti,937,212,432,48,94,151
2026-07-31,02:00 PM,Saravanampatti,454,106,227,18,53,50
2026-07-31,06:30 PM,Saravanampatti,800,237,411,32,113,7
2026-07-31,08:30 AM,Peelamedu,641,178,338,35,78,12
2026-07-31,02:00 PM,Peelamedu,246,54,112,14,27,39
2026-07-31,06:30 PM,Peelamedu,614,126,305,47,90,46
2026-07-31,08:30 AM,Town Hall,1035,263,568,44,153,7
2026-07-31,02:00 PM,Town Hall,423,92,199,27,45,60
2026-07-31,06:30 PM,Town Hall,1034,221,525,67,145,76
2026-07-31,08:30 AM,Ukkadam,916,207,473,70,107,59
2026-07-31,02:00 PM,Ukkadam,408,117,202,17,55,17
2026-07-31,06:30 PM,Ukkadam,844,222,380,38,103,101
2026-07-31,08:30 AM,Singanallur,652,146,327,43,81,55
2026-07-31,02:00 PM,Singanallur,219,61,104,13,26,15
2026-07-31,06:30 PM,Singanallur,557,120,253,26,68,90
2026-07-31,08:30 AM,Saibaba Colony,509,145,260,36,68,0
2026-07-31,02:00 PM,Saibaba Colony,239,52,130,19,35,3
2026-07-31,06:30 PM,Saibaba Colony,608,156,333,34,68,17
2026-07-31,08:30 AM,Ramanathapuram,586,153,267,27,87,52
2026-07-31,02:00 PM,Ramanathapuram,316,89,164,18,45,0
2026-07-31,06:30 PM,Ramanathapuram,655,141,344,45,81,44
2026-07-31,08:30 AM,Hopes College,524,139,269,32,56,28
2026-07-31,02:00 PM,Hopes College,302,60,150,16,30,46
2026-07-31,06:30 PM,Hopes College,646,170,305,34,71,66
2026-08-01,08:30 AM,Gandhipuram,1370,287,716,56,166,145
2026-08-01,02:00 PM,Gandhipuram,580,122,299,32,66,61
2026-08-01,06:30 PM,Gandhipuram,1398,285,767,76,192,78
2026-08-01,08:30 AM,RS Puram,450,128,231,27,64,0
2026-08-01,02:00 PM,RS Puram,202,45,106,10,25,16
2026-08-01,06:30 PM,RS Puram,478,104,226,21,69,58
2026-08-01,08:30 AM,Saravanampatti,342,69,161,16,34,62
2026-08-01,02:00 PM,Saravanampatti,188,55,89,10,24,10
2026-08-01,06:30 PM,Saravanampatti,350,96,175,18,39,22
2026-08-01,08:30 AM,Peelamedu,523,148,278,36,61,0
2026-08-01,02:00 PM,Peelamedu,213,46,106,10,27,24
2026-08-01,06:30 PM,Peelamedu,431,95,230,18,44,44
2026-08-01,08:30 AM,Town Hall,1406,338,703,103,197,65
2026-08-01,02:00 PM,Town Hall,541,149,280,24,71,17
2026-08-01,06:30 PM,Town Hall,1381,315,695,57,167,147
2026-08-01,08:30 AM,Ukkadam,670,134,352,40,80,64
2026-08-01,02:00 PM,Ukkadam,288,64,157,15,33,19
2026-08-01,06:30 PM,Ukkadam,695,189,312,34,103,57
2026-08-01,08:30 AM,Singanallur,479,136,251,24,58,10
2026-08-01,02:00 PM,Singanallur,199,56,103,10,21,9
2026-08-01,06:30 PM,Singanallur,523,153,272,28,70,0
2026-08-01,08:30 AM,Saibaba Colony,469,97,242,32,59,39
2026-08-01,02:00 PM,Saibaba Colony,184,47,97,7,27,6
2026-08-01,06:30 PM,Saibaba Colony,422,96,215,29,57,25
2026-08-01,08:30 AM,Ramanathapuram,398,99,199,30,47,23
2026-08-01,02:00 PM,Ramanathapuram,247,67,128,18,30,4
2026-08-01,06:30 PM,Ramanathapuram,484,138,253,34,55,4
2026-08-01,08:30 AM,Hopes College,412,96,199,30,61,26
2026-08-01,02:00 PM,Hopes College,235,60,122,14,34,5
2026-08-01,06:30 PM,Hopes College,438,122,204,24,59,29
2026-08-02,08:30 AM,Gandhipuram,1049,210,560,82,141,56
2026-08-02,02:00 PM,Gandhipuram,568,153,268,35,80,32
2026-08-02,06:30 PM,Gandhipuram,1417,354,644,105,192,122
2026-08-02,08:30 AM,RS Puram,409,104,216,18,49,22
2026-08-02,02:00 PM,RS Puram,251,57,116,18,28,32
2026-08-02,06:30 PM,RS Puram,480,108,254,30,62,26
2026-08-02,08:30 AM,Saravanampatti,377,75,203,15,50,34
2026-08-02,02:00 PM,Saravanampatti,165,38,78,10,19,20
2026-08-02,06:30 PM,Saravanampatti,324,77,169,23,33,22
2026-08-02,08:30 AM,Peelamedu,425,114,209,17,49,36
2026-08-02,02:00 PM,Peelamedu,203,53,110,13,27,0
2026-08-02,06:30 PM,Peelamedu,412,113,202,21,43,33
2026-08-02,08:30 AM,Town Hall,1147,341,565,69,118,54
2026-08-02,02:00 PM,Town Hall,501,105,274,34,60,28
2026-08-02,06:30 PM,Town Hall,1314,308,646,66,157,137
2026-08-02,08:30 AM,Ukkadam,689,156,343,45,78,67
2026-08-02,02:00 PM,Ukkadam,434,90,221,33,45,45
2026-08-02,06:30 PM,Ukkadam,711,184,326,46,93,62
2026-08-02,08:30 AM,Singanallur,422,125,190,28,47,32
2026-08-02,02:00 PM,Singanallur,235,54,120,15,26,20
2026-08-02,06:30 PM,Singanallur,508,106,276,39,54,33
2026-08-02,08:30 AM,Saibaba Colony,490,107,263,33,63,24
2026-08-02,02:00 PM,Saibaba Colony,233,46,114,11,30,32
2026-08-02,06:30 PM,Saibaba Colony,448,107,244,21,63,13
2026-08-02,08:30 AM,Ramanathapuram,480,100,262,27,48,43
2026-08-02,02:00 PM,Ramanathapuram,176,51,92,8,21,4
2026-08-02,06:30 PM,Ramanathapuram,446,89,232,28,57,40
2026-08-02,08:30 AM,Hopes College,475,128,225,22,49,51
2026-08-02,02:00 PM,Hopes College,252,50,132,12,28,30
2026-08-02,06:30 PM,Hopes College,422,87,200,29,51,55
2026-08-03,08:30 AM,Gandhipuram,982,204,507,72,144,55
2026-08-03,02:00 PM,Gandhipuram,511,149,272,24,65,1
2026-08-03,06:30 PM,Gandhipuram,985,269,516,42,124,34
2026-08-03,08:30 AM,RS Puram,546,141,295,27,69,14
2026-08-03,02:00 PM,RS Puram,254,67,137,14,35,1
2026-08-03,06:30 PM,RS Puram,593,160,281,34,71,47
2026-08-03,08:30 AM,Saravanampatti,895,184,486,46,126,53
2026-08-03,02:00 PM,Saravanampatti,394,90,178,16,49,61
2026-08-03,06:30 PM,Saravanampatti,852,179,462,48,117,46
2026-08-03,08:30 AM,Peelamedu,597,128,284,25,64,96
2026-08-03,02:00 PM,Peelamedu,232,66,119,15,32,0
2026-08-03,06:30 PM,Peelamedu,499,115,238,30,56,60
2026-08-03,08:30 AM,Town Hall,960,225,466,68,135,66
2026-08-03,02:00 PM,Town Hall,412,121,222,22,47,0
2026-08-03,06:30 PM,Town Hall,951,273,517,52,99,10
2026-08-03,08:30 AM,Ukkadam,966,211,483,64,138,70
2026-08-03,02:00 PM,Ukkadam,517,142,277,33,63,2
2026-08-03,06:30 PM,Ukkadam,848,184,438,41,114,71
2026-08-03,08:30 AM,Singanallur,501,100,233,34,68,66
2026-08-03,02:00 PM,Singanallur,271,56,126,12,27,50
2026-08-03,06:30 PM,Singanallur,640,150,303,31,67,89
2026-08-03,08:30 AM,Saibaba Colony,573,128,292,31,58,64
2026-08-03,02:00 PM,Saibaba Colony,238,70,112,14,31,11
2026-08-03,06:30 PM,Saibaba Colony,554,140,273,37,74,30
2026-08-03,08:30 AM,Ramanathapuram,510,123,255,33,73,26
2026-08-03,02:00 PM,Ramanathapuram,273,71,126,14,28,34
2026-08-03,06:30 PM,Ramanathapuram,505,111,262,38,60,34
2026-08-03,08:30 AM,Hopes College,516,124,258,37,52,45
2026-08-03,02:00 PM,Hopes College,218,55,108,14,28,13
2026-08-03,06:30 PM,Hopes College,525,142,236,38,66,43
2026-08-04,08:30 AM,Gandhipuram,1046,259,558,74,122,33
2026-08-04,02:00 PM,Gandhipuram,440,125,206,25,63,21
2026-08-04,06:30 PM,Gandhipuram,822,230,401,39,119,33
2026-08-04,08:30 AM,RS Puram,492,117,264,38,62,11
2026-08-04,02:00 PM,RS Puram,217,45,111,15,25,21
2026-08-04,06:30 PM,RS Puram,558,142,306,27,64,19
2026-08-04,08:30 AM,Saravanampatti,814,168,396,47,96,107
2026-08-04,02:00 PM,Saravanampatti,445,120,229,21,44,31
2026-08-04,06:30 PM,Saravanampatti,898,180,447,63,125,83
2026-08-04,08:30 AM,Peelamedu,578,159,263,41,74,41
2026-08-04,02:00 PM,Peelamedu,300,75,159,20,32,14
2026-08-04,06:30 PM,Peelamedu,591,128,309,44,64,46
2026-08-04,08:30 AM,Town Hall,1034,282,553,67,132,0
2026-08-04,02:00 PM,Town Hall,527,138,267,31,56,35
2026-08-04,06:30 PM,Town Hall,1014,223,483,50,117,141
2026-08-04,08:30 AM,Ukkadam,864,251,425,41,108,39
2026-08-04,02:00 PM,Ukkadam,365,86,189,24,51,15
2026-08-04,06:30 PM,Ukkadam,1038,279,495,80,117,67
2026-08-04,08:30 AM,Singanallur,594,134,286,40,65,69
2026-08-04,02:00 PM,Singanallur,236,53,120,17,31,15
2026-08-04,06:30 PM,Singanallur,620,135,326,42,64,53
2026-08-04,08:30 AM,Saibaba Colony,546,110,269,22,61,84
2026-08-04,02:00 PM,Saibaba Colony,315,80,149,21,32,33
2026-08-04,06:30 PM,Saibaba Colony,547,155,290,40,62,0
2026-08-04,08:30 AM,Ramanathapuram,659,187,350,41,74,7
2026-08-04,02:00 PM,Ramanathapuram,218,65,100,15,25,13
2026-08-04,06:30 PM,Ramanathapuram,625,187,334,26,70,8
2026-08-04,08:30 AM,Hopes College,554,112,256,39,65,82
2026-08-04,02:00 PM,Hopes College,277,73,133,11,30,30
2026-08-04,06:30 PM,Hopes College,617,170,316,45,62,24
2026-08-05,08:30 AM,Gandhipuram,985,258,498,62,141,26
2026-08-05,02:00 PM,Gandhipuram,470,128,255,31,56,0
2026-08-05,06:30 PM,Gandhipuram,916,237,433,70,134,42
2026-08-05,08:30 AM,RS Puram,541,119,271,42,81,28
2026-08-05,02:00 PM,RS Puram,287,77,152,12,37,9
2026-08-05,06:30 PM,RS Puram,561,150,290,43,66,12
2026-08-05,08:30 AM,Saravanampatti,765,205,382,50,103,25
2026-08-05,02:00 PM,Saravanampatti,364,95,169,17,47,36
2026-08-05,06:30 PM,Saravanampatti,910,242,450,42,129,47
2026-08-05,08:30 AM,Peelamedu,483,126,254,35,65,3
2026-08-05,02:00 PM,Peelamedu,306,77,167,17,38,7
2026-08-05,06:30 PM,Peelamedu,507,115,257,32,74,29
2026-08-05,08:30 AM,Town Hall,977,200,474,55,99,149
2026-08-05,02:00 PM,Town Hall,367,105,186,24,52,0
2026-08-05,06:30 PM,Town Hall,864,249,462,59,94,0
2026-08-05,08:30 AM,Ukkadam,890,265,469,67,89,0
2026-08-05,02:00 PM,Ukkadam,474,116,259,20,67,12
2026-08-05,06:30 PM,Ukkadam,900,267,411,66,126,30
2026-08-05,08:30 AM,Singanallur,648,154,297,31,67,99
2026-08-05,02:00 PM,Singanallur,237,53,117,11,24,32
2026-08-05,06:30 PM,Singanallur,519,139,276,29,75,0
2026-08-05,08:30 AM,Saibaba Colony,530,123,280,26,60,41
2026-08-05,02:00 PM,Saibaba Colony,225,52,107,9,30,27
2026-08-05,06:30 PM,Saibaba Colony,517,110,274,38,60,35
2026-08-05,08:30 AM,Ramanathapuram,507,125,232,31,58,61
2026-08-05,02:00 PM,Ramanathapuram,306,78,141,14,38,35
2026-08-05,06:30 PM,Ramanathapuram,592,147,282,34,61,68
2026-08-05,08:30 AM,Hopes College,535,110,284,31,64,46
2026-08-05,02:00 PM,Hopes College,297,79,150,22,41,5
2026-08-05,06:30 PM,Hopes College,542,152,270,40,80,0
2026-08-06,08:30 AM,Gandhipuram,911,226,427,54,124,80
2026-08-06,02:00 PM,Gandhipuram,446,105,238,25,63,15
2026-08-06,06:30 PM,Gandhipuram,898,248,444,42,95,69
2026-08-06,08:30 AM,RS Puram,651,167,304,38,83,59
2026-08-06,02:00 PM,RS Puram,287,73,135,19,34,26
2026-08-06,06:30 PM,RS Puram,505,110,256,24,57,58
2026-08-06,08:30 AM,Saravanampatti,769,175,409,60,112,13
2026-08-06,02:00 PM,Saravanampatti,417,99,193,22,58,45
2026-08-06,06:30 PM,Saravanampatti,743,211,375,34,103,20
2026-08-06,08:30 AM,Peelamedu,601,133,283,30,86,69
2026-08-06,02:00 PM,Peelamedu,241,69,108,15,33,16
2026-08-06,06:30 PM,Peelamedu,615,151,286,26,72,80
2026-08-06,08:30 AM,Town Hall,945,192,512,45,108,88
2026-08-06,02:00 PM,Town Hall,397,97,214,27,48,11
2026-08-06,06:30 PM,Town Hall,846,205,421,67,109,44
2026-08-06,08:30 AM,Ukkadam,1030,291,504,42,111,82
2026-08-06,02:00 PM,Ukkadam,390,97,188,29,50,26
2026-08-06,06:30 PM,Ukkadam,952,195,476,59,96,126
2026-08-06,08:30 AM,Singanallur,558,120,297,32,56,53
2026-08-06,02:00 PM,Singanallur,238,64,108,15,25,26
2026-08-06,06:30 PM,Singanallur,530,126,247,29,74,54
2026-08-06,08:30 AM,Saibaba Colony,615,170,284,41,68,52
2026-08-06,02:00 PM,Saibaba Colony,277,66,150,11,28,22
2026-08-06,06:30 PM,Saibaba Colony,628,174,315,33,70,36
2026-08-06,08:30 AM,Ramanathapuram,488,129,264,24,71,0
2026-08-06,02:00 PM,Ramanathapuram,283,65,146,22,40,10
2026-08-06,06:30 PM,Ramanathapuram,639,145,334,50,72,38
2026-08-06,08:30 AM,Hopes College,481,130,250,38,63,0
2026-08-06,02:00 PM,Hopes College,247,51,119,12,30,35
2026-08-06,06:30 PM,Hopes College,541,158,288,29,59,7
2026-08-07,08:30 AM,Gandhipuram,1078,225,491,68,116,178
2026-08-07,02:00 PM,Gandhipuram,380,92,207,18,47,16
2026-08-07,06:30 PM,Gandhipuram,941,258,485,59,129,10
2026-08-07,08:30 AM,RS Puram,642,177,341,25,65,34
2026-08-07,02:00 PM,RS Puram,235,56,121,17,28,13
2026-08-07,06:30 PM,RS Puram,641,148,346,32,86,29
2026-08-07,08:30 AM,Saravanampatti,771,180,361,56,93,81
2026-08-07,02:00 PM,Saravanampatti,336,85,175,20,38,18
2026-08-07,06:30 PM,Saravanampatti,800,194,407,35,86,78
2026-08-07,08:30 AM,Peelamedu,578,135,312,38,78,15
2026-08-07,02:00 PM,Peelamedu,321,82,170,24,42,3
2026-08-07,06:30 PM,Peelamedu,551,110,265,39,77,60
2026-08-07,08:30 AM,Town Hall,831,204,421,65,88,53
2026-08-07,02:00 PM,Town Hall,392,101,179,16,53,43
2026-08-07,06:30 PM,Town Hall,997,209,501,62,108,117
2026-08-07,08:30 AM,Ukkadam,908,250,482,44,132,0
2026-08-07,02:00 PM,Ukkadam,543,127,267,22,55,72
2026-08-07,06:30 PM,Ukkadam,1007,224,499,50,131,103
2026-08-07,08:30 AM,Singanallur,583,164,283,34,82,20
2026-08-07,02:00 PM,Singanallur,252,70,122,12,29,19
2026-08-07,06:30 PM,Singanallur,495,122,245,24,70,34
2026-08-07,08:30 AM,Saibaba Colony,548,154,290,31,65,8
2026-08-07,02:00 PM,Saibaba Colony,246,52,133,16,36,9
2026-08-07,06:30 PM,Saibaba Colony,575,142,260,26,69,78
2026-08-07,08:30 AM,Ramanathapuram,598,153,327,25,81,12
2026-08-07,02:00 PM,Ramanathapuram,260,67,120,17,38,18
2026-08-07,06:30 PM,Ramanathapuram,493,125,239,36,59,34
2026-08-07,08:30 AM,Hopes College,626,148,320,27,70,61
2026-08-07,02:00 PM,Hopes College,252,67,123,10,33,19
2026-08-07,06:30 PM,Hopes College,551,118,257,22,77,77
2026-08-08,08:30 AM,Gandhipuram,1203,346,561,59,153,84
2026-08-08,02:00 PM,Gandhipuram,587,173,306,44,64,0
2026-08-08,06:30 PM,Gandhipuram,1404,370,760,78,184,12
2026-08-08,08:30 AM,RS Puram,492,131,247,34,59,21
2026-08-08,02:00 PM,RS Puram,247,69,114,18,31,15
2026-08-08,06:30 PM,RS Puram,446,130,217,32,50,17
2026-08-08,08:30 AM,Saravanampatti,340,78,170,18,43,31
2026-08-08,02:00 PM,Saravanampatti,128,25,61,10,19,13
2026-08-08,06:30 PM,Saravanampatti,330,77,172,23,44,14
2026-08-08,08:30 AM,Peelamedu,520,144,254,41,58,23
2026-08-08,02:00 PM,Peelamedu,170,45,86,7,22,10
2026-08-08,06:30 PM,Peelamedu,519,136,242,27,57,57
2026-08-08,08:30 AM,Town Hall,1253,270,616,71,136,160
2026-08-08,02:00 PM,Town Hall,651,135,351,28,77,60
2026-08-08,06:30 PM,Town Hall,1046,272,539,51,113,71
2026-08-08,08:30 AM,Ukkadam,645,191,344,31,68,11
2026-08-08,02:00 PM,Ukkadam,418,101,226,17,42,32
2026-08-08,06:30 PM,Ukkadam,777,157,380,31,100,109
2026-08-08,08:30 AM,Singanallur,497,101,238,27,64,67
2026-08-08,02:00 PM,Singanallur,261,59,131,13,35,23
2026-08-08,06:30 PM,Singanallur,514,131,250,29,52,52
2026-08-08,08:30 AM,Saibaba Colony,503,111,266,36,55,35
2026-08-08,02:00 PM,Saibaba Colony,257,62,118,19,30,28
2026-08-08,06:30 PM,Saibaba Colony,396,108,186,23,40,39
2026-08-08,08:30 AM,Ramanathapuram,447,107,216,20,56,48
2026-08-08,02:00 PM,Ramanathapuram,222,61,117,10,23,11
2026-08-08,06:30 PM,Ramanathapuram,422,101,205,17,56,43
2026-08-08,08:30 AM,Hopes College,388,104,189,25,42,28
2026-08-08,02:00 PM,Hopes College,192,55,103,9,22,3
2026-08-08,06:30 PM,Hopes College,443,118,210,29,62,24
2026-08-09,08:30 AM,Gandhipuram,1361,293,666,74,186,142
2026-08-09,02:00 PM,Gandhipuram,629,130,300,29,94,76
2026-08-09,06:30 PM,Gandhipuram,1456,398,780,89,189,0
2026-08-09,08:30 AM,RS Puram,508,125,243,28,66,46
2026-08-09,02:00 PM,RS Puram,209,53,100,10,29,17
2026-08-09,06:30 PM,RS Puram,518,146,268,36,66,2
2026-08-09,08:30 AM,Saravanampatti,289,58,153,23,41,14
2026-08-09,02:00 PM,Saravanampatti,147,40,69,10,16,12
2026-08-09,06:30 PM,Saravanampatti,299,89,138,22,39,11
2026-08-09,08:30 AM,Peelamedu,430,111,222,28,55,14
2026-08-09,02:00 PM,Peelamedu,223,50,109,10,30,24
2026-08-09,06:30 PM,Peelamedu,483,126,228,23,66,40
2026-08-09,08:30 AM,Town Hall,1063,277,492,44,151,99
2026-08-09,02:00 PM,Town Hall,645,159,312,34,94,46
2026-08-09,06:30 PM,Town Hall,1221,254,551,50,137,229
2026-08-09,08:30 AM,Ukkadam,791,201,389,41,86,74
2026-08-09,02:00 PM,Ukkadam,386,79,210,24,55,18
2026-08-09,06:30 PM,Ukkadam,775,160,387,49,80,99
2026-08-09,08:30 AM,Singanallur,433,104,234,29,46,20
2026-08-09,02:00 PM,Singanallur,196,52,98,14,28,4
2026-08-09,06:30 PM,Singanallur,481,141,249,19,55,17
2026-08-09,08:30 AM,Saibaba Colony,423,112,199,26,55,31
2026-08-09,02:00 PM,Saibaba Colony,169,39,88,10,22,10
2026-08-09,06:30 PM,Saibaba Colony,433,90,200,33,61,49
2026-08-09,08:30 AM,Ramanathapuram,477,114,219,33,65,46
2026-08-09,02:00 PM,Ramanathapuram,179,48,80,8,21,22
2026-08-09,06:30 PM,Ramanathapuram,385,109,194,24,56,2
2026-08-09,08:30 AM,Hopes College,458,116,209,29,54,50
2026-08-09,02:00 PM,Hopes College,205,42,97,8,23,35
2026-08-09,06:30 PM,Hopes College,409,99,224,30,51,5
2026-08-10,08:30 AM,Gandhipuram,1098,308,558,57,127,48
2026-08-10,02:00 PM,Gandhipuram,430,115,222,19,49,25
2026-08-10,06:30 PM,Gandhipuram,989,255,457,67,133,77
2026-08-10,08:30 AM,RS Puram,615,153,330,39,83,10
2026-08-10,02:00 PM,RS Puram,232,53,104,15,28,32
2026-08-10,06:30 PM,RS Puram,632,134,296,28,93,81
2026-08-10,08:30 AM,Saravanampatti,849,215,431,35,88,80
2026-08-10,02:00 PM,Saravanampatti,333,84,169,21,37,22
2026-08-10,06:30 PM,Saravanampatti,941,235,427,47,126,106
2026-08-10,08:30 AM,Peelamedu,536,155,273,33,75,0
2026-08-10,02:00 PM,Peelamedu,297,78,144,14,36,25
2026-08-10,06:30 PM,Peelamedu,606,142,306,24,88,46
2026-08-10,08:30 AM,Town Hall,894,247,407,47,120,73
2026-08-10,02:00 PM,Town Hall,485,133,237,27,59,29
2026-08-10,06:30 PM,Town Hall,1080,229,513,85,139,114
2026-08-10,08:30 AM,Ukkadam,913,213,416,42,114,128
2026-08-10,02:00 PM,Ukkadam,481,117,264,26,56,18
2026-08-10,06:30 PM,Ukkadam,834,201,448,55,99,31
2026-08-10,08:30 AM,Singanallur,559,115,287,43,78,36
2026-08-10,02:00 PM,Singanallur,287,61,156,18,35,17
2026-08-10,06:30 PM,Singanallur,584,136,286,32,62,68
2026-08-10,08:30 AM,Saibaba Colony,509,112,266,31,52,48
2026-08-10,02:00 PM,Saibaba Colony,281,72,150,20,32,7
2026-08-10,06:30 PM,Saibaba Colony,577,148,264,32,83,50
2026-08-10,08:30 AM,Ramanathapuram,533,114,247,34,64,74
2026-08-10,02:00 PM,Ramanathapuram,223,60,119,16,28,0
2026-08-10,06:30 PM,Ramanathapuram,494,129,245,35,69,16
2026-08-10,08:30 AM,Hopes College,529,112,287,41,76,13
2026-08-10,02:00 PM,Hopes College,231,47,120,14,27,23
2026-08-10,06:30 PM,Hopes College,587,156,317,42,72,0
2026-08-11,08:30 AM,Gandhipuram,1085,323,490,78,113,81
2026-08-11,02:00 PM,Gandhipuram,406,99,188,22,53,44
2026-08-11,06:30 PM,Gandhipuram,816,236,416,39,97,28
2026-08-11,08:30 AM,RS Puram,559,157,254,35,78,35
2026-08-11,02:00 PM,RS Puram,252,64,133,16,35,4
2026-08-11,06:30 PM,RS Puram,621,149,316,38,91,27
2026-08-11,08:30 AM,Saravanampatti,883,231,416,41,113,82
2026-08-11,02:00 PM,Saravanampatti,325,89,165,15,41,15
2026-08-11,06:30 PM,Saravanampatti,899,219,411,42,97,130
2026-08-11,08:30 AM,Peelamedu,516,105,252,31,61,67
2026-08-11,02:00 PM,Peelamedu,267,75,130,16,28,18
2026-08-11,06:30 PM,Peelamedu,491,126,224,36,62,43
2026-08-11,08:30 AM,Town Hall,967,198,527,40,101,101
2026-08-11,02:00 PM,Town Hall,387,102,195,30,39,21
2026-08-11,06:30 PM,Town Hall,1052,218,504,47,114,169
2026-08-11,08:30 AM,Ukkadam,836,187,419,66,98,66
2026-08-11,02:00 PM,Ukkadam,486,104,264,30,57,31
2026-08-11,06:30 PM,Ukkadam,823,219,370,46,108,80
2026-08-11,08:30 AM,Singanallur,568,114,279,26,66,83
2026-08-11,02:00 PM,Singanallur,221,57,120,11,30,3
2026-08-11,06:30 PM,Singanallur,550,115,260,39,59,77
2026-08-11,08:30 AM,Saibaba Colony,601,148,303,25,87,38
2026-08-11,02:00 PM,Saibaba Colony,243,67,117,12,36,11
2026-08-11,06:30 PM,Saibaba Colony,637,141,339,35,76,46
2026-08-11,08:30 AM,Ramanathapuram,656,183,307,45,76,45
2026-08-11,02:00 PM,Ramanathapuram,260,73,132,19,36,0
2026-08-11,06:30 PM,Ramanathapuram,490,104,254,30,59,43
2026-08-11,08:30 AM,Hopes College,552,165,277,36,58,16
2026-08-11,02:00 PM,Hopes College,257,55,119,19,37,27
2026-08-11,06:30 PM,Hopes College,643,141,353,42,75,32
2026-08-12,08:30 AM,Gandhipuram,945,222,464,59,122,78
2026-08-12,02:00 PM,Gandhipuram,382,97,189,18,49,29
2026-08-12,06:30 PM,Gandhipuram,1022,240,462,63,142,115
2026-08-12,08:30 AM,RS Puram,527,135,273,36,73,10
2026-08-12,02:00 PM,RS Puram,283,60,141,16,31,35
2026-08-12,06:30 PM,RS Puram,587,134,294,35,58,66
2026-08-12,08:30 AM,Saravanampatti,797,161,417,61,103,55
2026-08-12,02:00 PM,Saravanampatti,346,72,172,21,45,36
2026-08-12,06:30 PM,Saravanampatti,829,240,416,33,91,49
2026-08-12,08:30 AM,Peelamedu,635,183,322,45,82,3
2026-08-12,02:00 PM,Peelamedu,261,76,137,12,33,3
2026-08-12,06:30 PM,Peelamedu,528,118,248,32,60,70
2026-08-12,08:30 AM,Town Hall,976,255,480,42,101,98
2026-08-12,02:00 PM,Town Hall,384,85,192,21,43,43
2026-08-12,06:30 PM,Town Hall,1043,276,470,75,139,83
2026-08-12,08:30 AM,Ukkadam,1079,232,487,62,155,143
2026-08-12,02:00 PM,Ukkadam,464,123,238,36,67,0
2026-08-12,06:30 PM,Ukkadam,1016,292,486,50,104,84
2026-08-12,08:30 AM,Singanallur,641,142,304,47,68,80
2026-08-12,02:00 PM,Singanallur,270,60,139,19,37,15
2026-08-12,06:30 PM,Singanallur,536,118,263,35,79,41
2026-08-12,08:30 AM,Saibaba Colony,648,180,311,43,89,25
2026-08-12,02:00 PM,Saibaba Colony,325,69,159,22,43,32
2026-08-12,06:30 PM,Saibaba Colony,583,146,274,33,67,63
2026-08-12,08:30 AM,Ramanathapuram,596,133,312,30,71,50
2026-08-12,02:00 PM,Ramanathapuram,233,67,123,16,27,0
2026-08-12,06:30 PM,Ramanathapuram,641,139,342,35,94,31
2026-08-12,08:30 AM,Hopes College,541,134,246,27,57,77
2026-08-12,02:00 PM,Hopes College,248,71,131,18,28,0
2026-08-12,06:30 PM,Hopes College,634,136,333,49,85,31
